"unique_pup_ID","pup_ID","group","cage","sex","weight","hours_post_challenge","visit","vis.type","avg_score","score.1","score.2","Exclude","Exclude_Notes","expName","outcome","sac_hpc"
"F1_22821_20210504","F1","No promethion",22821,"M","3.07",-1.6,"v1","monitor",4,4,3,"N",NA,"Promethion_vs_NoPromethion",0,51.38
"F1_22821_20210504","F1","No promethion",22821,"M","3.07",0,"v2","challenge",4,4,3,"N",NA,"Promethion_vs_NoPromethion",0,51.38
"F1_22821_20210504","F1","No promethion",22821,"M","3.04",10.53,"v3","monitor",2,2,2,"N",NA,"Promethion_vs_NoPromethion",0,51.38
"F1_22821_20210504","F1","No promethion",22821,"M","2.99",16.25,"v4","monitor",1,1,0,"N",NA,"Promethion_vs_NoPromethion",0,51.38
"F1_22821_20210504","F1","No promethion",22821,"M","2.97",19.53,"v5","monitor",2,2,2,"N",NA,"Promethion_vs_NoPromethion",0,51.38
"F1_22821_20210504","F1","No promethion",22821,"M","2.92",23.77,"v6","monitor",2,2,2,"N",NA,"Promethion_vs_NoPromethion",0,51.38
"F1_22821_20210504","F1","No promethion",22821,"M","2.89",26.42,"v7","monitor",3,2,3,"N",NA,"Promethion_vs_NoPromethion",0,51.38
"F1_22821_20210504","F1","No promethion",22821,"M","2.96",29.48,"v8","monitor",3,2,3,"N",NA,"Promethion_vs_NoPromethion",0,51.38
"F1_22821_20210504","F1","No promethion",22821,"M","3.02",32.48,"v9","monitor",4,3,4,"N",NA,"Promethion_vs_NoPromethion",0,51.38
"F1_22821_20210504","F1","No promethion",22821,"M","3.13",39.58,"v10","monitor",4,4,4,"N",NA,"Promethion_vs_NoPromethion",0,51.38
"F1_22821_20210504","F1","No promethion",22821,"M","3.24",47.68,"v11","monitor",4,2,5,"N",NA,"Promethion_vs_NoPromethion",0,51.38
"F1_22821_20210504","F1","No promethion",22821,"M","3.33",50.45,"v12","monitor",4,3,4,"N",NA,"Promethion_vs_NoPromethion",0,51.38
"F1_22821_20210504","F1","No promethion",22821,"M",NA,NA,"v13","monitor",NA,NA,NA,"N",NA,"Promethion_vs_NoPromethion",0,51.38
"F1_22821_20210504","F1","No promethion",22821,"M",NA,NA,"v14","monitor",NA,NA,NA,"N",NA,"Promethion_vs_NoPromethion",0,51.38
"F1_22821_20210504","F1","No promethion",22821,"M",NA,NA,"v15","monitor",NA,NA,NA,"N",NA,"Promethion_vs_NoPromethion",0,51.38
"F1_22821_20210504","F1","No promethion",22821,"M",NA,NA,"v16","monitor",NA,NA,NA,"N",NA,"Promethion_vs_NoPromethion",0,51.38
"F1_22823_20210504","F1","Promethion",22823,"M","4",-1.4,"v1","monitor",3,3,3,"N",NA,"Promethion_vs_NoPromethion",0,51.58
"F1_22823_20210504","F1","Promethion",22823,"M","4",0,"v2","challenge",3,3,3,"N",NA,"Promethion_vs_NoPromethion",0,51.58
"F1_22823_20210504","F1","Promethion",22823,"M","4.12",0.98,"v3","monitor",3,3,3,"N",NA,"Promethion_vs_NoPromethion",0,51.58
"F1_22823_20210504","F1","Promethion",22823,"M","4.12",2.2,"v4","monitor",4,3,4,"N",NA,"Promethion_vs_NoPromethion",0,51.58
"F1_22823_20210504","F1","Promethion",22823,"M","4.11",4.23,"v5","monitor",3,3,3,"N",NA,"Promethion_vs_NoPromethion",0,51.58
"F1_22823_20210504","F1","Promethion",22823,"M","4.01",8.63,"v6","monitor",1,1,1,"N",NA,"Promethion_vs_NoPromethion",0,51.58
"F1_22823_20210504","F1","Promethion",22823,"M","3.99",11.68,"v7","monitor",1,0,1,"N",NA,"Promethion_vs_NoPromethion",0,51.58
"F1_22823_20210504","F1","Promethion",22823,"M","3.93",15.92,"v8","monitor",1,1,1,"N",NA,"Promethion_vs_NoPromethion",0,51.58
"F1_22823_20210504","F1","Promethion",22823,"M","3.87",19.6,"v9","monitor",2,2,1,"N",NA,"Promethion_vs_NoPromethion",0,51.58
"F1_22823_20210504","F1","Promethion",22823,"M","3.79",24,"v10","monitor",4,4,4,"N",NA,"Promethion_vs_NoPromethion",0,51.58
"F1_22823_20210504","F1","Promethion",22823,"M","3.81",26.7,"v11","monitor",3,2,3,"N",NA,"Promethion_vs_NoPromethion",0,51.58
"F1_22823_20210504","F1","Promethion",22823,"M","3.71",29.77,"v12","monitor",4,4,3,"N",NA,"Promethion_vs_NoPromethion",0,51.58
"F1_22823_20210504","F1","Promethion",22823,"M","3.64",32.75,"v13","monitor",3,2,3,"N",NA,"Promethion_vs_NoPromethion",0,51.58
"F1_22823_20210504","F1","Promethion",22823,"M","3.48",39.87,"v14","monitor",4,4,4,"N",NA,"Promethion_vs_NoPromethion",0,51.58
"F1_22823_20210504","F1","Promethion",22823,"M","3.55",47.88,"v15","monitor",4,3,4,"N",NA,"Promethion_vs_NoPromethion",0,51.58
"F1_22823_20210504","F1","Promethion",22823,"M","3.61",50.8,"v16","monitor",4,4,3,"N",NA,"Promethion_vs_NoPromethion",0,51.58
"F1_22824_20210504","F1","No promethion",22824,"F","3.29",-1.62,"v1","monitor",4,4,3,"N",NA,"Promethion_vs_NoPromethion",1,26.5
"F1_22824_20210504","F1","No promethion",22824,"F","3.29",0,"v2","challenge",4,4,3,"N",NA,"Promethion_vs_NoPromethion",1,26.5
"F1_22824_20210504","F1","No promethion",22824,"F","3.29",10.47,"v3","monitor",2,1,2,"N",NA,"Promethion_vs_NoPromethion",1,26.5
"F1_22824_20210504","F1","No promethion",22824,"F","3.24",16.28,"v4","monitor",2,1,2,"N",NA,"Promethion_vs_NoPromethion",1,26.5
"F1_22824_20210504","F1","No promethion",22824,"F","3.19",19.53,"v5","monitor",2,2,2,"N",NA,"Promethion_vs_NoPromethion",1,26.5
"F1_22824_20210504","F1","No promethion",22824,"F","3.15",23.85,"v6","monitor",2,2,1,"N",NA,"Promethion_vs_NoPromethion",1,26.5
"F1_22824_20210504","F1","No promethion",22824,"F","3.1",26.32,"v7","monitor",0,0,0,"N",NA,"Promethion_vs_NoPromethion",1,26.5
"F1_22824_20210504","F1","No promethion",22824,"F",NA,29.4,"v8","monitor",NA,NA,NA,"N",NA,"Promethion_vs_NoPromethion",1,26.5
"F1_22824_20210504","F1","No promethion",22824,"F",NA,32.38,"v9","monitor",NA,NA,NA,"N",NA,"Promethion_vs_NoPromethion",1,26.5
"F1_22824_20210504","F1","No promethion",22824,"F",NA,NA,"v10","monitor",NA,NA,NA,"N",NA,"Promethion_vs_NoPromethion",1,26.5
"F1_22824_20210504","F1","No promethion",22824,"F",NA,NA,"v11","monitor",NA,NA,NA,"N",NA,"Promethion_vs_NoPromethion",1,26.5
"F1_22824_20210504","F1","No promethion",22824,"F",NA,50.28,"v12","monitor",NA,NA,NA,"N",NA,"Promethion_vs_NoPromethion",1,26.5
"F1_22824_20210504","F1","No promethion",22824,"F",NA,NA,"v13","monitor",NA,NA,NA,"N",NA,"Promethion_vs_NoPromethion",1,26.5
"F1_22824_20210504","F1","No promethion",22824,"F",NA,NA,"v14","monitor",NA,NA,NA,"N",NA,"Promethion_vs_NoPromethion",1,26.5
"F1_22824_20210504","F1","No promethion",22824,"F",NA,NA,"v15","monitor",NA,NA,NA,"N",NA,"Promethion_vs_NoPromethion",1,26.5
"F1_22824_20210504","F1","No promethion",22824,"F",NA,NA,"v16","monitor",NA,NA,NA,"N",NA,"Promethion_vs_NoPromethion",1,26.5
"F1_22825_20210504","F1","Promethion",22825,"M","3.08",-0.45,"v1","monitor",3,3,3,"N",NA,"Promethion_vs_NoPromethion",0,52.07
"F1_22825_20210504","F1","Promethion",22825,"M","3.08",0,"v2","challenge",3,3,3,"N",NA,"Promethion_vs_NoPromethion",0,52.07
"F1_22825_20210504","F1","Promethion",22825,"M","3.18",1.22,"v3","monitor",2,2,2,"N",NA,"Promethion_vs_NoPromethion",0,52.07
"F1_22825_20210504","F1","Promethion",22825,"M","3.17",2.35,"v4","monitor",2,2,2,"N",NA,"Promethion_vs_NoPromethion",0,52.07
"F1_22825_20210504","F1","Promethion",22825,"M","3.17",4.35,"v5","monitor",3,3,2,"N",NA,"Promethion_vs_NoPromethion",0,52.07
"F1_22825_20210504","F1","Promethion",22825,"M","3.1",8.73,"v6","monitor",0,0,0,"N",NA,"Promethion_vs_NoPromethion",0,52.07
"F1_22825_20210504","F1","Promethion",22825,"M","3.08",11.78,"v7","monitor",1,1,1,"N",NA,"Promethion_vs_NoPromethion",0,52.07
"F1_22825_20210504","F1","Promethion",22825,"M","3.02",15.93,"v8","monitor",2,2,1,"N",NA,"Promethion_vs_NoPromethion",0,52.07
"F1_22825_20210504","F1","Promethion",22825,"M","3",19.93,"v9","monitor",2,1,2,"N",NA,"Promethion_vs_NoPromethion",0,52.07
"F1_22825_20210504","F1","Promethion",22825,"M","2.89",24.12,"v10","monitor",3,3,2,"N",NA,"Promethion_vs_NoPromethion",0,52.07
"F1_22825_20210504","F1","Promethion",22825,"M","2.94",26.87,"v11","monitor",3,3,3,"N",NA,"Promethion_vs_NoPromethion",0,52.07
"F1_22825_20210504","F1","Promethion",22825,"M","2.89",29.92,"v12","monitor",3,3,3,"N",NA,"Promethion_vs_NoPromethion",0,52.07
"F1_22825_20210504","F1","Promethion",22825,"M","3.87",32.88,"v13","monitor",3,3,3,"N",NA,"Promethion_vs_NoPromethion",0,52.07
"F1_22825_20210504","F1","Promethion",22825,"M","2.78",39.97,"v14","monitor",4,4,3,"N",NA,"Promethion_vs_NoPromethion",0,52.07
"F1_22825_20210504","F1","Promethion",22825,"M","2.75",47.97,"v15","monitor",3,3,3,"N",NA,"Promethion_vs_NoPromethion",0,52.07
"F1_22825_20210504","F1","Promethion",22825,"M","2.84",51,"v16","monitor",4,4,3,"N",NA,"Promethion_vs_NoPromethion",0,52.07
"F2_22821_20210504","F2","No promethion",22821,"F","3.25",-1.6,"v1","monitor",3,3,2,"N",NA,"Promethion_vs_NoPromethion",1,40.08
"F2_22821_20210504","F2","No promethion",22821,"F","3.25",0,"v2","challenge",3,3,2,"N",NA,"Promethion_vs_NoPromethion",1,40.08
"F2_22821_20210504","F2","No promethion",22821,"F","3.06",10.53,"v3","monitor",1,1,1,"N",NA,"Promethion_vs_NoPromethion",1,40.08
"F2_22821_20210504","F2","No promethion",22821,"F","3.19",16.25,"v4","monitor",1,1,1,"N",NA,"Promethion_vs_NoPromethion",1,40.08
"F2_22821_20210504","F2","No promethion",22821,"F","3.18",19.53,"v5","monitor",2,1,2,"N",NA,"Promethion_vs_NoPromethion",1,40.08
"F2_22821_20210504","F2","No promethion",22821,"F","2.99",23.77,"v6","monitor",1,1,1,"N",NA,"Promethion_vs_NoPromethion",1,40.08
"F2_22821_20210504","F2","No promethion",22821,"F","3.03",26.42,"v7","monitor",2,2,2,"N",NA,"Promethion_vs_NoPromethion",1,40.08
"F2_22821_20210504","F2","No promethion",22821,"F","3",29.48,"v8","monitor",3,2,3,"N",NA,"Promethion_vs_NoPromethion",1,40.08
"F2_22821_20210504","F2","No promethion",22821,"F","2.87",32.48,"v9","monitor",3,3,2,"N",NA,"Promethion_vs_NoPromethion",1,40.08
"F2_22821_20210504","F2","No promethion",22821,"F","2.83",39.58,"v10","monitor",NA,NA,NA,"N",NA,"Promethion_vs_NoPromethion",1,40.08
"F2_22821_20210504","F2","No promethion",22821,"F",NA,47.68,"v11","monitor",NA,NA,NA,"N",NA,"Promethion_vs_NoPromethion",1,40.08
"F2_22821_20210504","F2","No promethion",22821,"F",NA,50.45,"v12","monitor",NA,NA,NA,"N",NA,"Promethion_vs_NoPromethion",1,40.08
"F2_22821_20210504","F2","No promethion",22821,"F",NA,NA,"v13","monitor",NA,NA,NA,"N",NA,"Promethion_vs_NoPromethion",1,40.08
"F2_22821_20210504","F2","No promethion",22821,"F",NA,NA,"v14","monitor",NA,NA,NA,"N",NA,"Promethion_vs_NoPromethion",1,40.08
"F2_22821_20210504","F2","No promethion",22821,"F",NA,NA,"v15","monitor",NA,NA,NA,"N",NA,"Promethion_vs_NoPromethion",1,40.08
"F2_22821_20210504","F2","No promethion",22821,"F",NA,NA,"v16","monitor",NA,NA,NA,"N",NA,"Promethion_vs_NoPromethion",1,40.08
"F2_22823_20210504","F2","Promethion",22823,"F","3.6",-1.4,"v1","monitor",3,3,3,"N",NA,"Promethion_vs_NoPromethion",1,17.32
"F2_22823_20210504","F2","Promethion",22823,"F","3.6",0,"v2","challenge",3,3,3,"N",NA,"Promethion_vs_NoPromethion",1,17.32
"F2_22823_20210504","F2","Promethion",22823,"F","3.75",0.98,"v3","monitor",3,3,3,"N",NA,"Promethion_vs_NoPromethion",1,17.32
"F2_22823_20210504","F2","Promethion",22823,"F","3.74",2.2,"v4","monitor",3,2,3,"N",NA,"Promethion_vs_NoPromethion",1,17.32
"F2_22823_20210504","F2","Promethion",22823,"F","3.74",4.23,"v5","monitor",2,2,2,"N",NA,"Promethion_vs_NoPromethion",1,17.32
"F2_22823_20210504","F2","Promethion",22823,"F","3.72",8.63,"v6","monitor",0,0,0,"N",NA,"Promethion_vs_NoPromethion",1,17.32
"F2_22823_20210504","F2","Promethion",22823,"F","3.68",11.68,"v7","monitor",0,0,0,"N",NA,"Promethion_vs_NoPromethion",1,17.32
"F2_22823_20210504","F2","Promethion",22823,"F","3.63",15.92,"v8","monitor",0,0,0,"N",NA,"Promethion_vs_NoPromethion",1,17.32
"F2_22823_20210504","F2","Promethion",22823,"F",NA,19.6,"v9","monitor",NA,NA,NA,"N",NA,"Promethion_vs_NoPromethion",1,17.32
"F2_22823_20210504","F2","Promethion",22823,"F",NA,24,"v10","monitor",NA,NA,NA,"N",NA,"Promethion_vs_NoPromethion",1,17.32
"F2_22823_20210504","F2","Promethion",22823,"F",NA,26.7,"v11","monitor",NA,NA,NA,"N",NA,"Promethion_vs_NoPromethion",1,17.32
"F2_22823_20210504","F2","Promethion",22823,"F",NA,29.77,"v12","monitor",NA,NA,NA,"N",NA,"Promethion_vs_NoPromethion",1,17.32
"F2_22823_20210504","F2","Promethion",22823,"F",NA,32.75,"v13","monitor",NA,NA,NA,"N",NA,"Promethion_vs_NoPromethion",1,17.32
"F2_22823_20210504","F2","Promethion",22823,"F",NA,39.87,"v14","monitor",NA,NA,NA,"N",NA,"Promethion_vs_NoPromethion",1,17.32
"F2_22823_20210504","F2","Promethion",22823,"F",NA,47.88,"v15","monitor",NA,NA,NA,"N",NA,"Promethion_vs_NoPromethion",1,17.32
"F2_22823_20210504","F2","Promethion",22823,"F",NA,50.8,"v16","monitor",NA,NA,NA,"N",NA,"Promethion_vs_NoPromethion",1,17.32
"F2_22824_20210504","F2","No promethion",22824,"F","3.17",-1.62,"v1","monitor",4,3,4,"N",NA,"Promethion_vs_NoPromethion",0,50.78
"F2_22824_20210504","F2","No promethion",22824,"F","3.17",0,"v2","challenge",4,3,4,"N",NA,"Promethion_vs_NoPromethion",0,50.78
"F2_22824_20210504","F2","No promethion",22824,"F","3.2",10.47,"v3","monitor",2,2,1,"N",NA,"Promethion_vs_NoPromethion",0,50.78
"F2_22824_20210504","F2","No promethion",22824,"F","3.15",16.28,"v4","monitor",1,2,0,"N",NA,"Promethion_vs_NoPromethion",0,50.78
"F2_22824_20210504","F2","No promethion",22824,"F","3.15",19.53,"v5","monitor",2,2,2,"N",NA,"Promethion_vs_NoPromethion",0,50.78
"F2_22824_20210504","F2","No promethion",22824,"F","3.08",23.85,"v6","monitor",2,2,2,"N",NA,"Promethion_vs_NoPromethion",0,50.78
"F2_22824_20210504","F2","No promethion",22824,"F","3.03",26.32,"v7","monitor",2,2,2,"N",NA,"Promethion_vs_NoPromethion",0,50.78
"F2_22824_20210504","F2","No promethion",22824,"F","3.14",29.4,"v8","monitor",3,3,3,"N",NA,"Promethion_vs_NoPromethion",0,50.78
"F2_22824_20210504","F2","No promethion",22824,"F","2.94",32.38,"v9","monitor",4,4,4,"N",NA,"Promethion_vs_NoPromethion",0,50.78
"F2_22824_20210504","F2","No promethion",22824,"F","3.08",NA,"v10","monitor",5,5,5,"N",NA,"Promethion_vs_NoPromethion",0,50.78
"F2_22824_20210504","F2","No promethion",22824,"F","3.14",47.53,"v11","monitor",5,4,5,"N",NA,"Promethion_vs_NoPromethion",0,50.78
"F2_22824_20210504","F2","No promethion",22824,"F","3.24",50.28,"v12","monitor",4,4,4,"N",NA,"Promethion_vs_NoPromethion",0,50.78
"F2_22824_20210504","F2","No promethion",22824,"F",NA,NA,"v13","monitor",NA,NA,NA,"N",NA,"Promethion_vs_NoPromethion",0,50.78
"F2_22824_20210504","F2","No promethion",22824,"F",NA,NA,"v14","monitor",NA,NA,NA,"N",NA,"Promethion_vs_NoPromethion",0,50.78
"F2_22824_20210504","F2","No promethion",22824,"F",NA,NA,"v15","monitor",NA,NA,NA,"N",NA,"Promethion_vs_NoPromethion",0,50.78
"F2_22824_20210504","F2","No promethion",22824,"F",NA,NA,"v16","monitor",NA,NA,NA,"N",NA,"Promethion_vs_NoPromethion",0,50.78
"F2_22825_20210504","F2","Promethion",22825,"F","3.18",-0.45,"v1","monitor",3,3,2,"N",NA,"Promethion_vs_NoPromethion",1,33.83
"F2_22825_20210504","F2","Promethion",22825,"F","3.18",0,"v2","challenge",3,3,2,"N",NA,"Promethion_vs_NoPromethion",1,33.83
"F2_22825_20210504","F2","Promethion",22825,"F","3.26",1.22,"v3","monitor",3,2,3,"N",NA,"Promethion_vs_NoPromethion",1,33.83
"F2_22825_20210504","F2","Promethion",22825,"F","3.26",2.35,"v4","monitor",3,3,2,"N",NA,"Promethion_vs_NoPromethion",1,33.83
"F2_22825_20210504","F2","Promethion",22825,"F","3.25",4.35,"v5","monitor",3,3,3,"N",NA,"Promethion_vs_NoPromethion",1,33.83
"F2_22825_20210504","F2","Promethion",22825,"F","3.16",8.73,"v6","monitor",1,0,1,"N",NA,"Promethion_vs_NoPromethion",1,33.83
"F2_22825_20210504","F2","Promethion",22825,"F","3.15",11.78,"v7","monitor",1,0,1,"N",NA,"Promethion_vs_NoPromethion",1,33.83
"F2_22825_20210504","F2","Promethion",22825,"F","3.15",15.93,"v8","monitor",2,2,2,"N",NA,"Promethion_vs_NoPromethion",1,33.83
"F2_22825_20210504","F2","Promethion",22825,"F","3.06",19.93,"v9","monitor",2,2,2,"N",NA,"Promethion_vs_NoPromethion",1,33.83
"F2_22825_20210504","F2","Promethion",22825,"F","3",24.12,"v10","monitor",2,2,2,"N",NA,"Promethion_vs_NoPromethion",1,33.83
"F2_22825_20210504","F2","Promethion",22825,"F","2.99",26.87,"v11","monitor",2,2,1,"N",NA,"Promethion_vs_NoPromethion",1,33.83
"F2_22825_20210504","F2","Promethion",22825,"F","2.96",29.92,"v12","monitor",2,1,2,"N",NA,"Promethion_vs_NoPromethion",1,33.83
"F2_22825_20210504","F2","Promethion",22825,"F","2.94",32.88,"v13","monitor",1,1,0,"N",NA,"Promethion_vs_NoPromethion",1,33.83
"F2_22825_20210504","F2","Promethion",22825,"F",NA,39.97,"v14","monitor",NA,NA,NA,"N",NA,"Promethion_vs_NoPromethion",1,33.83
"F2_22825_20210504","F2","Promethion",22825,"F",NA,47.97,"v15","monitor",NA,NA,NA,"N",NA,"Promethion_vs_NoPromethion",1,33.83
"F2_22825_20210504","F2","Promethion",22825,"F",NA,51,"v16","monitor",NA,NA,NA,"N",NA,"Promethion_vs_NoPromethion",1,33.83
"F3_22821_20210504","F3","No promethion",22821,"F","3.13",-1.6,"v1","monitor",3,3,3,"N",NA,"Promethion_vs_NoPromethion",0,51.38
"F3_22821_20210504","F3","No promethion",22821,"F","3.13",0,"v2","challenge",3,3,3,"N",NA,"Promethion_vs_NoPromethion",0,51.38
"F3_22821_20210504","F3","No promethion",22821,"F","3.17",10.53,"v3","monitor",2,1,3,"N",NA,"Promethion_vs_NoPromethion",0,51.38
"F3_22821_20210504","F3","No promethion",22821,"F","3.11",16.25,"v4","monitor",1,1,1,"N",NA,"Promethion_vs_NoPromethion",0,51.38
"F3_22821_20210504","F3","No promethion",22821,"F","3.09",19.53,"v5","monitor",2,2,1,"N",NA,"Promethion_vs_NoPromethion",0,51.38
"F3_22821_20210504","F3","No promethion",22821,"F","3.08",23.77,"v6","monitor",2,2,2,"N",NA,"Promethion_vs_NoPromethion",0,51.38
"F3_22821_20210504","F3","No promethion",22821,"F","2.96",26.42,"v7","monitor",4,4,3,"N",NA,"Promethion_vs_NoPromethion",0,51.38
"F3_22821_20210504","F3","No promethion",22821,"F","2.89",29.48,"v8","monitor",4,4,3,"N",NA,"Promethion_vs_NoPromethion",0,51.38
"F3_22821_20210504","F3","No promethion",22821,"F","2.89",32.48,"v9","monitor",4,3,4,"N",NA,"Promethion_vs_NoPromethion",0,51.38
"F3_22821_20210504","F3","No promethion",22821,"F","3.02",39.58,"v10","monitor",4,4,4,"N",NA,"Promethion_vs_NoPromethion",0,51.38
"F3_22821_20210504","F3","No promethion",22821,"F","3.21",47.68,"v11","monitor",3,3,2,"N",NA,"Promethion_vs_NoPromethion",0,51.38
"F3_22821_20210504","F3","No promethion",22821,"F","3.21",50.45,"v12","monitor",3,3,3,"N",NA,"Promethion_vs_NoPromethion",0,51.38
"F3_22821_20210504","F3","No promethion",22821,"F",NA,NA,"v13","monitor",NA,NA,NA,"N",NA,"Promethion_vs_NoPromethion",0,51.38
"F3_22821_20210504","F3","No promethion",22821,"F",NA,NA,"v14","monitor",NA,NA,NA,"N",NA,"Promethion_vs_NoPromethion",0,51.38
"F3_22821_20210504","F3","No promethion",22821,"F",NA,NA,"v15","monitor",NA,NA,NA,"N",NA,"Promethion_vs_NoPromethion",0,51.38
"F3_22821_20210504","F3","No promethion",22821,"F",NA,NA,"v16","monitor",NA,NA,NA,"N",NA,"Promethion_vs_NoPromethion",0,51.38
"F3_22823_20210504","F3","Promethion",22823,"M","4.1",-1.4,"v1","monitor",4,3,4,"N",NA,"Promethion_vs_NoPromethion",0,51.58
"F3_22823_20210504","F3","Promethion",22823,"M","4.1",0,"v2","challenge",4,3,4,"N",NA,"Promethion_vs_NoPromethion",0,51.58
"F3_22823_20210504","F3","Promethion",22823,"M","4.28",0.98,"v3","monitor",4,4,3,"N",NA,"Promethion_vs_NoPromethion",0,51.58
"F3_22823_20210504","F3","Promethion",22823,"M","4.26",2.2,"v4","monitor",3,3,3,"N",NA,"Promethion_vs_NoPromethion",0,51.58
"F3_22823_20210504","F3","Promethion",22823,"M","4.29",4.23,"v5","monitor",3,2,3,"N",NA,"Promethion_vs_NoPromethion",0,51.58
"F3_22823_20210504","F3","Promethion",22823,"M","4.23",8.63,"v6","monitor",3,3,3,"N",NA,"Promethion_vs_NoPromethion",0,51.58
"F3_22823_20210504","F3","Promethion",22823,"M","4.25",11.68,"v7","monitor",4,4,3,"N",NA,"Promethion_vs_NoPromethion",0,51.58
"F3_22823_20210504","F3","Promethion",22823,"M","4.18",15.92,"v8","monitor",5,4,5,"N",NA,"Promethion_vs_NoPromethion",0,51.58
"F3_22823_20210504","F3","Promethion",22823,"M","4.19",19.6,"v9","monitor",5,4,5,"N",NA,"Promethion_vs_NoPromethion",0,51.58
"F3_22823_20210504","F3","Promethion",22823,"M","4.2",24,"v10","monitor",5,4,5,"N",NA,"Promethion_vs_NoPromethion",0,51.58
"F3_22823_20210504","F3","Promethion",22823,"M","4.2",26.7,"v11","monitor",3,3,3,"N",NA,"Promethion_vs_NoPromethion",0,51.58
"F3_22823_20210504","F3","Promethion",22823,"M","4.41",29.77,"v12","monitor",4,4,3,"N",NA,"Promethion_vs_NoPromethion",0,51.58
"F3_22823_20210504","F3","Promethion",22823,"M","4.4",32.75,"v13","monitor",4,3,4,"N",NA,"Promethion_vs_NoPromethion",0,51.58
"F3_22823_20210504","F3","Promethion",22823,"M","4.41",39.87,"v14","monitor",4,4,4,"N",NA,"Promethion_vs_NoPromethion",0,51.58
"F3_22823_20210504","F3","Promethion",22823,"M","4.74",47.88,"v15","monitor",4,4,4,"N",NA,"Promethion_vs_NoPromethion",0,51.58
"F3_22823_20210504","F3","Promethion",22823,"M","4.81",50.8,"v16","monitor",4,3,4,"N",NA,"Promethion_vs_NoPromethion",0,51.58
"F3_22824_20210504","F3","No promethion",22824,"M","3.4",-1.62,"v1","monitor",4,3,4,"N",NA,"Promethion_vs_NoPromethion",0,50.78
"F3_22824_20210504","F3","No promethion",22824,"M","3.4",0,"v2","challenge",4,3,4,"N",NA,"Promethion_vs_NoPromethion",0,50.78
"F3_22824_20210504","F3","No promethion",22824,"M","3.41",10.47,"v3","monitor",1,1,1,"N",NA,"Promethion_vs_NoPromethion",0,50.78
"F3_22824_20210504","F3","No promethion",22824,"M","3.37",16.28,"v4","monitor",2,2,2,"N",NA,"Promethion_vs_NoPromethion",0,50.78
"F3_22824_20210504","F3","No promethion",22824,"M","3.3",19.53,"v5","monitor",3,3,2,"N",NA,"Promethion_vs_NoPromethion",0,50.78
"F3_22824_20210504","F3","No promethion",22824,"M","3.13",23.85,"v6","monitor",2,2,2,"N",NA,"Promethion_vs_NoPromethion",0,50.78
"F3_22824_20210504","F3","No promethion",22824,"M","3.2",26.32,"v7","monitor",3,3,3,"N",NA,"Promethion_vs_NoPromethion",0,50.78
"F3_22824_20210504","F3","No promethion",22824,"M","3.14",29.4,"v8","monitor",3,3,3,"N",NA,"Promethion_vs_NoPromethion",0,50.78
"F3_22824_20210504","F3","No promethion",22824,"M","3.19",32.38,"v9","monitor",3,3,3,"N",NA,"Promethion_vs_NoPromethion",0,50.78
"F3_22824_20210504","F3","No promethion",22824,"M","3.38",NA,"v10","monitor",4,4,4,"N",NA,"Promethion_vs_NoPromethion",0,50.78
"F3_22824_20210504","F3","No promethion",22824,"M","3.45",47.53,"v11","monitor",5,5,4,"N",NA,"Promethion_vs_NoPromethion",0,50.78
"F3_22824_20210504","F3","No promethion",22824,"M","3.51",50.28,"v12","monitor",4,4,3,"N",NA,"Promethion_vs_NoPromethion",0,50.78
"F3_22824_20210504","F3","No promethion",22824,"M",NA,NA,"v13","monitor",NA,NA,NA,"N",NA,"Promethion_vs_NoPromethion",0,50.78
"F3_22824_20210504","F3","No promethion",22824,"M",NA,NA,"v14","monitor",NA,NA,NA,"N",NA,"Promethion_vs_NoPromethion",0,50.78
"F3_22824_20210504","F3","No promethion",22824,"M",NA,NA,"v15","monitor",NA,NA,NA,"N",NA,"Promethion_vs_NoPromethion",0,50.78
"F3_22824_20210504","F3","No promethion",22824,"M",NA,NA,"v16","monitor",NA,NA,NA,"N",NA,"Promethion_vs_NoPromethion",0,50.78
"F3_22825_20210504","F3","Promethion",22825,"F","3.06",-0.45,"v1","monitor",3,3,2,"N",NA,"Promethion_vs_NoPromethion",1,17.6
"F3_22825_20210504","F3","Promethion",22825,"F","3.06",0,"v2","challenge",3,3,2,"N",NA,"Promethion_vs_NoPromethion",1,17.6
"F3_22825_20210504","F3","Promethion",22825,"F","3.15",1.22,"v3","monitor",3,3,3,"N",NA,"Promethion_vs_NoPromethion",1,17.6
"F3_22825_20210504","F3","Promethion",22825,"F","3.15",2.35,"v4","monitor",3,2,3,"N",NA,"Promethion_vs_NoPromethion",1,17.6
"F3_22825_20210504","F3","Promethion",22825,"F","3.14",4.35,"v5","monitor",1,0,1,"N",NA,"Promethion_vs_NoPromethion",1,17.6
"F3_22825_20210504","F3","Promethion",22825,"F","3.06",8.73,"v6","monitor",1,1,1,"N",NA,"Promethion_vs_NoPromethion",1,17.6
"F3_22825_20210504","F3","Promethion",22825,"F","3.04",11.78,"v7","monitor",0,0,0,"N",NA,"Promethion_vs_NoPromethion",1,17.6
"F3_22825_20210504","F3","Promethion",22825,"F","3.02",15.93,"v8","monitor",0,0,0,"N",NA,"Promethion_vs_NoPromethion",1,17.6
"F3_22825_20210504","F3","Promethion",22825,"F",NA,19.93,"v9","monitor",NA,NA,NA,"N",NA,"Promethion_vs_NoPromethion",1,17.6
"F3_22825_20210504","F3","Promethion",22825,"F",NA,24.12,"v10","monitor",NA,NA,NA,"N",NA,"Promethion_vs_NoPromethion",1,17.6
"F3_22825_20210504","F3","Promethion",22825,"F",NA,26.87,"v11","monitor",NA,NA,NA,"N",NA,"Promethion_vs_NoPromethion",1,17.6
"F3_22825_20210504","F3","Promethion",22825,"F",NA,29.92,"v12","monitor",NA,NA,NA,"N",NA,"Promethion_vs_NoPromethion",1,17.6
"F3_22825_20210504","F3","Promethion",22825,"F",NA,32.88,"v13","monitor",NA,NA,NA,"N",NA,"Promethion_vs_NoPromethion",1,17.6
"F3_22825_20210504","F3","Promethion",22825,"F",NA,39.97,"v14","monitor",NA,NA,NA,"N",NA,"Promethion_vs_NoPromethion",1,17.6
"F3_22825_20210504","F3","Promethion",22825,"F",NA,47.97,"v15","monitor",NA,NA,NA,"N",NA,"Promethion_vs_NoPromethion",1,17.6
"F3_22825_20210504","F3","Promethion",22825,"F",NA,51,"v16","monitor",NA,NA,NA,"N",NA,"Promethion_vs_NoPromethion",1,17.6
"F4_22821_20210504","F4","No promethion",22821,"M","3.02",-1.6,"v1","monitor",3,3,3,"N",NA,"Promethion_vs_NoPromethion",0,51.38
"F4_22821_20210504","F4","No promethion",22821,"M","3.02",0,"v2","challenge",3,3,3,"N",NA,"Promethion_vs_NoPromethion",0,51.38
"F4_22821_20210504","F4","No promethion",22821,"M","3.04",10.53,"v3","monitor",2,0,3,"N",NA,"Promethion_vs_NoPromethion",0,51.38
"F4_22821_20210504","F4","No promethion",22821,"M","3.02",16.25,"v4","monitor",2,2,1,"N",NA,"Promethion_vs_NoPromethion",0,51.38
"F4_22821_20210504","F4","No promethion",22821,"M","3.01",19.53,"v5","monitor",2,2,2,"N",NA,"Promethion_vs_NoPromethion",0,51.38
"F4_22821_20210504","F4","No promethion",22821,"M","2.9",23.77,"v6","monitor",4,3,4,"N",NA,"Promethion_vs_NoPromethion",0,51.38
"F4_22821_20210504","F4","No promethion",22821,"M","2.88",26.42,"v7","monitor",3,3,3,"N",NA,"Promethion_vs_NoPromethion",0,51.38
"F4_22821_20210504","F4","No promethion",22821,"M","2.83",29.48,"v8","monitor",4,4,3,"N",NA,"Promethion_vs_NoPromethion",0,51.38
"F4_22821_20210504","F4","No promethion",22821,"M","2.73",32.48,"v9","monitor",3,3,3,"N",NA,"Promethion_vs_NoPromethion",0,51.38
"F4_22821_20210504","F4","No promethion",22821,"M","3.02",39.58,"v10","monitor",4,4,4,"N",NA,"Promethion_vs_NoPromethion",0,51.38
"F4_22821_20210504","F4","No promethion",22821,"M","3.14",47.68,"v11","monitor",4,4,3,"N",NA,"Promethion_vs_NoPromethion",0,51.38
"F4_22821_20210504","F4","No promethion",22821,"M","3.15",50.45,"v12","monitor",4,4,4,"N",NA,"Promethion_vs_NoPromethion",0,51.38
"F4_22821_20210504","F4","No promethion",22821,"M",NA,NA,"v13","monitor",NA,NA,NA,"N",NA,"Promethion_vs_NoPromethion",0,51.38
"F4_22821_20210504","F4","No promethion",22821,"M",NA,NA,"v14","monitor",NA,NA,NA,"N",NA,"Promethion_vs_NoPromethion",0,51.38
"F4_22821_20210504","F4","No promethion",22821,"M",NA,NA,"v15","monitor",NA,NA,NA,"N",NA,"Promethion_vs_NoPromethion",0,51.38
"F4_22821_20210504","F4","No promethion",22821,"M",NA,NA,"v16","monitor",NA,NA,NA,"N",NA,"Promethion_vs_NoPromethion",0,51.38
"F4_22825_20210504","F4","Promethion",22825,"M","3.21",-0.45,"v1","monitor",4,4,4,"N",NA,"Promethion_vs_NoPromethion",0,52.07
"F4_22825_20210504","F4","Promethion",22825,"M","3.21",0,"v2","challenge",4,4,4,"N",NA,"Promethion_vs_NoPromethion",0,52.07
"F4_22825_20210504","F4","Promethion",22825,"M","3.3",1.22,"v3","monitor",3,3,3,"N",NA,"Promethion_vs_NoPromethion",0,52.07
"F4_22825_20210504","F4","Promethion",22825,"M","3.3",2.35,"v4","monitor",3,2,3,"N",NA,"Promethion_vs_NoPromethion",0,52.07
"F4_22825_20210504","F4","Promethion",22825,"M","3.28",4.35,"v5","monitor",3,3,2,"N",NA,"Promethion_vs_NoPromethion",0,52.07
"F4_22825_20210504","F4","Promethion",22825,"M","3.23",8.73,"v6","monitor",0,0,0,"N",NA,"Promethion_vs_NoPromethion",0,52.07
"F4_22825_20210504","F4","Promethion",22825,"M","3.22",11.78,"v7","monitor",1,0,1,"N",NA,"Promethion_vs_NoPromethion",0,52.07
"F4_22825_20210504","F4","Promethion",22825,"M","3.5",15.93,"v8","monitor",2,1,2,"N",NA,"Promethion_vs_NoPromethion",0,52.07
"F4_22825_20210504","F4","Promethion",22825,"M","3.12",19.93,"v9","monitor",2,2,1,"N",NA,"Promethion_vs_NoPromethion",0,52.07
"F4_22825_20210504","F4","Promethion",22825,"M","3.07",24.12,"v10","monitor",3,3,3,"N",NA,"Promethion_vs_NoPromethion",0,52.07
"F4_22825_20210504","F4","Promethion",22825,"M","3.06",26.87,"v11","monitor",3,3,3,"N",NA,"Promethion_vs_NoPromethion",0,52.07
"F4_22825_20210504","F4","Promethion",22825,"M","3.95",29.92,"v12","monitor",3,3,3,"N",NA,"Promethion_vs_NoPromethion",0,52.07
"F4_22825_20210504","F4","Promethion",22825,"M","3.12",32.88,"v13","monitor",3,3,3,"N",NA,"Promethion_vs_NoPromethion",0,52.07
"F4_22825_20210504","F4","Promethion",22825,"M","3.28",39.97,"v14","monitor",4,4,4,"N",NA,"Promethion_vs_NoPromethion",0,52.07
"F4_22825_20210504","F4","Promethion",22825,"M","3.44",47.97,"v15","monitor",5,4,5,"N",NA,"Promethion_vs_NoPromethion",0,52.07
"F4_22825_20210504","F4","Promethion",22825,"M","3.5",51,"v16","monitor",4,3,4,"N",NA,"Promethion_vs_NoPromethion",0,52.07
"R1_22821_20210504","R1","No promethion",22821,"F","2.99",-1.6,"v1","monitor",3,3,3,"N",NA,"Promethion_vs_NoPromethion",0,51.38
"R1_22821_20210504","R1","No promethion",22821,"F","2.99",0,"v2","challenge",3,3,3,"N",NA,"Promethion_vs_NoPromethion",0,51.38
"R1_22821_20210504","R1","No promethion",22821,"F","2.99",10.53,"v3","monitor",1,0,1,"N",NA,"Promethion_vs_NoPromethion",0,51.38
"R1_22821_20210504","R1","No promethion",22821,"F","2.98",16.25,"v4","monitor",1,0,2,"N",NA,"Promethion_vs_NoPromethion",0,51.38
"R1_22821_20210504","R1","No promethion",22821,"F","2.97",19.53,"v5","monitor",2,2,2,"N",NA,"Promethion_vs_NoPromethion",0,51.38
"R1_22821_20210504","R1","No promethion",22821,"F","2.9",23.77,"v6","monitor",2,2,2,"N",NA,"Promethion_vs_NoPromethion",0,51.38
"R1_22821_20210504","R1","No promethion",22821,"F","2.82",26.42,"v7","monitor",2,2,2,"N",NA,"Promethion_vs_NoPromethion",0,51.38
"R1_22821_20210504","R1","No promethion",22821,"F","2.79",29.48,"v8","monitor",3,3,3,"N",NA,"Promethion_vs_NoPromethion",0,51.38
"R1_22821_20210504","R1","No promethion",22821,"F","2.75",32.48,"v9","monitor",4,4,4,"N",NA,"Promethion_vs_NoPromethion",0,51.38
"R1_22821_20210504","R1","No promethion",22821,"F","2.9",39.58,"v10","monitor",3,3,3,"N",NA,"Promethion_vs_NoPromethion",0,51.38
"R1_22821_20210504","R1","No promethion",22821,"F","3",47.68,"v11","monitor",3,2,3,"N",NA,"Promethion_vs_NoPromethion",0,51.38
"R1_22821_20210504","R1","No promethion",22821,"F","3.05",50.45,"v12","monitor",4,4,4,"N",NA,"Promethion_vs_NoPromethion",0,51.38
"R1_22821_20210504","R1","No promethion",22821,"F",NA,NA,"v13","monitor",NA,NA,NA,"N",NA,"Promethion_vs_NoPromethion",0,51.38
"R1_22821_20210504","R1","No promethion",22821,"F",NA,NA,"v14","monitor",NA,NA,NA,"N",NA,"Promethion_vs_NoPromethion",0,51.38
"R1_22821_20210504","R1","No promethion",22821,"F",NA,NA,"v15","monitor",NA,NA,NA,"N",NA,"Promethion_vs_NoPromethion",0,51.38
"R1_22821_20210504","R1","No promethion",22821,"F",NA,NA,"v16","monitor",NA,NA,NA,"N",NA,"Promethion_vs_NoPromethion",0,51.38
"R1_22823_20210504","R1","Promethion",22823,"F","3.93",-1.4,"v1","monitor",3,3,3,"N",NA,"Promethion_vs_NoPromethion",1,27.15
"R1_22823_20210504","R1","Promethion",22823,"F","3.93",0,"v2","challenge",3,3,3,"N",NA,"Promethion_vs_NoPromethion",1,27.15
"R1_22823_20210504","R1","Promethion",22823,"F","4.06",0.98,"v3","monitor",3,3,3,"N",NA,"Promethion_vs_NoPromethion",1,27.15
"R1_22823_20210504","R1","Promethion",22823,"F","4.01",2.2,"v4","monitor",3,2,3,"N",NA,"Promethion_vs_NoPromethion",1,27.15
"R1_22823_20210504","R1","Promethion",22823,"F","3.99",4.23,"v5","monitor",3,3,3,"N",NA,"Promethion_vs_NoPromethion",1,27.15
"R1_22823_20210504","R1","Promethion",22823,"F","3.96",8.63,"v6","monitor",1,1,0,"N",NA,"Promethion_vs_NoPromethion",1,27.15
"R1_22823_20210504","R1","Promethion",22823,"F","3.91",11.68,"v7","monitor",1,0,1,"N",NA,"Promethion_vs_NoPromethion",1,27.15
"R1_22823_20210504","R1","Promethion",22823,"F","3.87",15.92,"v8","monitor",2,2,1,"N",NA,"Promethion_vs_NoPromethion",1,27.15
"R1_22823_20210504","R1","Promethion",22823,"F","3.77",19.6,"v9","monitor",2,2,2,"N",NA,"Promethion_vs_NoPromethion",1,27.15
"R1_22823_20210504","R1","Promethion",22823,"F","3.68",24,"v10","monitor",2,2,2,"N",NA,"Promethion_vs_NoPromethion",1,27.15
"R1_22823_20210504","R1","Promethion",22823,"F","3.66",26.7,"v11","monitor",1,1,1,"N",NA,"Promethion_vs_NoPromethion",1,27.15
"R1_22823_20210504","R1","Promethion",22823,"F",NA,29.77,"v12","monitor",NA,NA,NA,"N",NA,"Promethion_vs_NoPromethion",1,27.15
"R1_22823_20210504","R1","Promethion",22823,"F",NA,32.75,"v13","monitor",NA,NA,NA,"N",NA,"Promethion_vs_NoPromethion",1,27.15
"R1_22823_20210504","R1","Promethion",22823,"F",NA,39.87,"v14","monitor",NA,NA,NA,"N",NA,"Promethion_vs_NoPromethion",1,27.15
"R1_22823_20210504","R1","Promethion",22823,"F",NA,47.88,"v15","monitor",NA,NA,NA,"N",NA,"Promethion_vs_NoPromethion",1,27.15
"R1_22823_20210504","R1","Promethion",22823,"F",NA,50.8,"v16","monitor",NA,NA,NA,"N",NA,"Promethion_vs_NoPromethion",1,27.15
"R1_22824_20210504","R1","No promethion",22824,"M","3.48",-1.62,"v1","monitor",3,3,3,"N",NA,"Promethion_vs_NoPromethion",0,50.78
"R1_22824_20210504","R1","No promethion",22824,"M","3.48",0,"v2","challenge",3,3,3,"N",NA,"Promethion_vs_NoPromethion",0,50.78
"R1_22824_20210504","R1","No promethion",22824,"M","3.49",10.47,"v3","monitor",2,1,2,"N",NA,"Promethion_vs_NoPromethion",0,50.78
"R1_22824_20210504","R1","No promethion",22824,"M","3.46",16.28,"v4","monitor",2,2,2,"N",NA,"Promethion_vs_NoPromethion",0,50.78
"R1_22824_20210504","R1","No promethion",22824,"M","3.44",19.53,"v5","monitor",2,2,2,"N",NA,"Promethion_vs_NoPromethion",0,50.78
"R1_22824_20210504","R1","No promethion",22824,"M","3.35",23.85,"v6","monitor",2,2,2,"N",NA,"Promethion_vs_NoPromethion",0,50.78
"R1_22824_20210504","R1","No promethion",22824,"M","3.27",26.32,"v7","monitor",2,2,2,"N",NA,"Promethion_vs_NoPromethion",0,50.78
"R1_22824_20210504","R1","No promethion",22824,"M","3.25",29.4,"v8","monitor",3,3,3,"N",NA,"Promethion_vs_NoPromethion",0,50.78
"R1_22824_20210504","R1","No promethion",22824,"M","3.18",32.38,"v9","monitor",4,3,4,"N",NA,"Promethion_vs_NoPromethion",0,50.78
"R1_22824_20210504","R1","No promethion",22824,"M","3.24",NA,"v10","monitor",4,4,4,"N",NA,"Promethion_vs_NoPromethion",0,50.78
"R1_22824_20210504","R1","No promethion",22824,"M","3.4",47.53,"v11","monitor",4,4,4,"N",NA,"Promethion_vs_NoPromethion",0,50.78
"R1_22824_20210504","R1","No promethion",22824,"M","3.44",50.28,"v12","monitor",4,3,4,"N",NA,"Promethion_vs_NoPromethion",0,50.78
"R1_22824_20210504","R1","No promethion",22824,"M",NA,NA,"v13","monitor",NA,NA,NA,"N",NA,"Promethion_vs_NoPromethion",0,50.78
"R1_22824_20210504","R1","No promethion",22824,"M",NA,NA,"v14","monitor",NA,NA,NA,"N",NA,"Promethion_vs_NoPromethion",0,50.78
"R1_22824_20210504","R1","No promethion",22824,"M",NA,NA,"v15","monitor",NA,NA,NA,"N",NA,"Promethion_vs_NoPromethion",0,50.78
"R1_22824_20210504","R1","No promethion",22824,"M",NA,NA,"v16","monitor",NA,NA,NA,"N",NA,"Promethion_vs_NoPromethion",0,50.78
"R1_22825_20210504","R1","Promethion",22825,"M","3.2",-0.45,"v1","monitor",3,3,3,"N",NA,"Promethion_vs_NoPromethion",0,52.07
"R1_22825_20210504","R1","Promethion",22825,"M","3.2",0,"v2","challenge",3,3,3,"N",NA,"Promethion_vs_NoPromethion",0,52.07
"R1_22825_20210504","R1","Promethion",22825,"M","3.29",1.22,"v3","monitor",2,2,2,"N",NA,"Promethion_vs_NoPromethion",0,52.07
"R1_22825_20210504","R1","Promethion",22825,"M","3.28",2.35,"v4","monitor",3,3,2,"N",NA,"Promethion_vs_NoPromethion",0,52.07
"R1_22825_20210504","R1","Promethion",22825,"M","3.28",4.35,"v5","monitor",3,3,3,"N",NA,"Promethion_vs_NoPromethion",0,52.07
"R1_22825_20210504","R1","Promethion",22825,"M","3.25",8.73,"v6","monitor",1,1,1,"N",NA,"Promethion_vs_NoPromethion",0,52.07
"R1_22825_20210504","R1","Promethion",22825,"M","3.28",11.78,"v7","monitor",1,1,1,"N",NA,"Promethion_vs_NoPromethion",0,52.07
"R1_22825_20210504","R1","Promethion",22825,"M","3.17",15.93,"v8","monitor",1,1,0,"N",NA,"Promethion_vs_NoPromethion",0,52.07
"R1_22825_20210504","R1","Promethion",22825,"M","3.16",19.93,"v9","monitor",2,2,1,"N",NA,"Promethion_vs_NoPromethion",0,52.07
"R1_22825_20210504","R1","Promethion",22825,"M","3.09",24.12,"v10","monitor",3,2,3,"N",NA,"Promethion_vs_NoPromethion",0,52.07
"R1_22825_20210504","R1","Promethion",22825,"M","3.04",26.87,"v11","monitor",3,3,3,"N",NA,"Promethion_vs_NoPromethion",0,52.07
"R1_22825_20210504","R1","Promethion",22825,"M","3.06",29.92,"v12","monitor",4,4,3,"N",NA,"Promethion_vs_NoPromethion",0,52.07
"R1_22825_20210504","R1","Promethion",22825,"M","3.03",32.88,"v13","monitor",4,3,4,"N",NA,"Promethion_vs_NoPromethion",0,52.07
"R1_22825_20210504","R1","Promethion",22825,"M","3.21",39.97,"v14","monitor",4,4,4,"N",NA,"Promethion_vs_NoPromethion",0,52.07
"R1_22825_20210504","R1","Promethion",22825,"M","3.37",47.97,"v15","monitor",4,3,4,"N",NA,"Promethion_vs_NoPromethion",0,52.07
"R1_22825_20210504","R1","Promethion",22825,"M","3.43",51,"v16","monitor",5,5,4,"N",NA,"Promethion_vs_NoPromethion",0,52.07
"R2_22821_20210504","R2","No promethion",22821,"M","3.12",-1.6,"v1","monitor",3,3,3,"N",NA,"Promethion_vs_NoPromethion",0,51.38
"R2_22821_20210504","R2","No promethion",22821,"M","3.12",0,"v2","challenge",3,3,3,"N",NA,"Promethion_vs_NoPromethion",0,51.38
"R2_22821_20210504","R2","No promethion",22821,"M","3.12",10.53,"v3","monitor",1,1,1,"N",NA,"Promethion_vs_NoPromethion",0,51.38
"R2_22821_20210504","R2","No promethion",22821,"M","3.1",16.25,"v4","monitor",1,1,0,"N",NA,"Promethion_vs_NoPromethion",0,51.38
"R2_22821_20210504","R2","No promethion",22821,"M","3.1",19.53,"v5","monitor",1,1,1,"N",NA,"Promethion_vs_NoPromethion",0,51.38
"R2_22821_20210504","R2","No promethion",22821,"M","3.03",23.77,"v6","monitor",2,2,2,"N",NA,"Promethion_vs_NoPromethion",0,51.38
"R2_22821_20210504","R2","No promethion",22821,"M","2.98",26.42,"v7","monitor",2,1,2,"N",NA,"Promethion_vs_NoPromethion",0,51.38
"R2_22821_20210504","R2","No promethion",22821,"M","2.88",29.48,"v8","monitor",2,2,2,"N",NA,"Promethion_vs_NoPromethion",0,51.38
"R2_22821_20210504","R2","No promethion",22821,"M","2.85",32.48,"v9","monitor",2,2,2,"N",NA,"Promethion_vs_NoPromethion",0,51.38
"R2_22821_20210504","R2","No promethion",22821,"M","2.7",39.58,"v10","monitor",2,2,2,"N",NA,"Promethion_vs_NoPromethion",0,51.38
"R2_22821_20210504","R2","No promethion",22821,"M","2.76",47.68,"v11","monitor",3,4,2,"N",NA,"Promethion_vs_NoPromethion",0,51.38
"R2_22821_20210504","R2","No promethion",22821,"M","2.76",50.45,"v12","monitor",3,3,2,"N",NA,"Promethion_vs_NoPromethion",0,51.38
"R2_22821_20210504","R2","No promethion",22821,"M",NA,NA,"v13","monitor",NA,NA,NA,"N",NA,"Promethion_vs_NoPromethion",0,51.38
"R2_22821_20210504","R2","No promethion",22821,"M",NA,NA,"v14","monitor",NA,NA,NA,"N",NA,"Promethion_vs_NoPromethion",0,51.38
"R2_22821_20210504","R2","No promethion",22821,"M",NA,NA,"v15","monitor",NA,NA,NA,"N",NA,"Promethion_vs_NoPromethion",0,51.38
"R2_22821_20210504","R2","No promethion",22821,"M",NA,NA,"v16","monitor",NA,NA,NA,"N",NA,"Promethion_vs_NoPromethion",0,51.38
"R2_22823_20210504","R2","Promethion",22823,"M","4.11",-1.4,"v1","monitor",4,4,3,"N","CB","Promethion_vs_NoPromethion",1,1.18
"R2_22823_20210504","R2","Promethion",22823,"M","4.11",0,"v2","challenge",4,4,3,"N","CB","Promethion_vs_NoPromethion",1,1.18
"R2_22823_20210504","R2","Promethion",22823,"M",NA,0.98,"v3","monitor",NA,NA,NA,"N","CB","Promethion_vs_NoPromethion",1,1.18
"R2_22823_20210504","R2","Promethion",22823,"M",NA,2.2,"v4","monitor",NA,NA,NA,"N","CB","Promethion_vs_NoPromethion",1,1.18
"R2_22823_20210504","R2","Promethion",22823,"M",NA,4.23,"v5","monitor",NA,NA,NA,"N","CB","Promethion_vs_NoPromethion",1,1.18
"R2_22823_20210504","R2","Promethion",22823,"M",NA,8.63,"v6","monitor",NA,NA,NA,"N","CB","Promethion_vs_NoPromethion",1,1.18
"R2_22823_20210504","R2","Promethion",22823,"M",NA,11.68,"v7","monitor",NA,NA,NA,"N","CB","Promethion_vs_NoPromethion",1,1.18
"R2_22823_20210504","R2","Promethion",22823,"M",NA,15.92,"v8","monitor",NA,NA,NA,"N","CB","Promethion_vs_NoPromethion",1,1.18
"R2_22823_20210504","R2","Promethion",22823,"M",NA,19.6,"v9","monitor",NA,NA,NA,"N","CB","Promethion_vs_NoPromethion",1,1.18
"R2_22823_20210504","R2","Promethion",22823,"M",NA,24,"v10","monitor",NA,NA,NA,"N","CB","Promethion_vs_NoPromethion",1,1.18
"R2_22823_20210504","R2","Promethion",22823,"M",NA,26.7,"v11","monitor",NA,NA,NA,"N","CB","Promethion_vs_NoPromethion",1,1.18
"R2_22823_20210504","R2","Promethion",22823,"M",NA,29.77,"v12","monitor",NA,NA,NA,"N","CB","Promethion_vs_NoPromethion",1,1.18
"R2_22823_20210504","R2","Promethion",22823,"M",NA,32.75,"v13","monitor",NA,NA,NA,"N","CB","Promethion_vs_NoPromethion",1,1.18
"R2_22823_20210504","R2","Promethion",22823,"M",NA,39.87,"v14","monitor",NA,NA,NA,"N","CB","Promethion_vs_NoPromethion",1,1.18
"R2_22823_20210504","R2","Promethion",22823,"M",NA,47.88,"v15","monitor",NA,NA,NA,"N","CB","Promethion_vs_NoPromethion",1,1.18
"R2_22823_20210504","R2","Promethion",22823,"M",NA,50.8,"v16","monitor",NA,NA,NA,"N","CB","Promethion_vs_NoPromethion",1,1.18
"R2_22824_20210504","R2","No promethion",22824,"F","3.23",-1.62,"v1","monitor",3,3,3,"N",NA,"Promethion_vs_NoPromethion",0,50.78
"R2_22824_20210504","R2","No promethion",22824,"F","3.23",0,"v2","challenge",3,3,3,"N",NA,"Promethion_vs_NoPromethion",0,50.78
"R2_22824_20210504","R2","No promethion",22824,"F","3.22",10.47,"v3","monitor",1,1,1,"N",NA,"Promethion_vs_NoPromethion",0,50.78
"R2_22824_20210504","R2","No promethion",22824,"F","3.18",16.28,"v4","monitor",1,1,1,"N",NA,"Promethion_vs_NoPromethion",0,50.78
"R2_22824_20210504","R2","No promethion",22824,"F","3.15",19.53,"v5","monitor",2,1,2,"N",NA,"Promethion_vs_NoPromethion",0,50.78
"R2_22824_20210504","R2","No promethion",22824,"F","3.09",23.85,"v6","monitor",3,2,3,"N",NA,"Promethion_vs_NoPromethion",0,50.78
"R2_22824_20210504","R2","No promethion",22824,"F","3.08",26.32,"v7","monitor",2,2,2,"N",NA,"Promethion_vs_NoPromethion",0,50.78
"R2_22824_20210504","R2","No promethion",22824,"F","3",29.4,"v8","monitor",3,2,3,"N",NA,"Promethion_vs_NoPromethion",0,50.78
"R2_22824_20210504","R2","No promethion",22824,"F","3.93",32.38,"v9","monitor",3,2,3,"N",NA,"Promethion_vs_NoPromethion",0,50.78
"R2_22824_20210504","R2","No promethion",22824,"F","2.99",NA,"v10","monitor",3,3,3,"N",NA,"Promethion_vs_NoPromethion",0,50.78
"R2_22824_20210504","R2","No promethion",22824,"F","3.05",47.53,"v11","monitor",4,4,4,"N",NA,"Promethion_vs_NoPromethion",0,50.78
"R2_22824_20210504","R2","No promethion",22824,"F","3.14",50.28,"v12","monitor",4,3,5,"N",NA,"Promethion_vs_NoPromethion",0,50.78
"R2_22824_20210504","R2","No promethion",22824,"F",NA,NA,"v13","monitor",NA,NA,NA,"N",NA,"Promethion_vs_NoPromethion",0,50.78
"R2_22824_20210504","R2","No promethion",22824,"F",NA,NA,"v14","monitor",NA,NA,NA,"N",NA,"Promethion_vs_NoPromethion",0,50.78
"R2_22824_20210504","R2","No promethion",22824,"F",NA,NA,"v15","monitor",NA,NA,NA,"N",NA,"Promethion_vs_NoPromethion",0,50.78
"R2_22824_20210504","R2","No promethion",22824,"F",NA,NA,"v16","monitor",NA,NA,NA,"N",NA,"Promethion_vs_NoPromethion",0,50.78
"R2_22825_20210504","R2","Promethion",22825,"M","3.33",-0.45,"v1","monitor",4,4,3,"N",NA,"Promethion_vs_NoPromethion",0,52.07
"R2_22825_20210504","R2","Promethion",22825,"M","3.33",0,"v2","challenge",4,4,3,"N",NA,"Promethion_vs_NoPromethion",0,52.07
"R2_22825_20210504","R2","Promethion",22825,"M","3.42",1.22,"v3","monitor",3,2,3,"N",NA,"Promethion_vs_NoPromethion",0,52.07
"R2_22825_20210504","R2","Promethion",22825,"M","3.42",2.35,"v4","monitor",3,2,3,"N",NA,"Promethion_vs_NoPromethion",0,52.07
"R2_22825_20210504","R2","Promethion",22825,"M","3.41",4.35,"v5","monitor",3,3,3,"N",NA,"Promethion_vs_NoPromethion",0,52.07
"R2_22825_20210504","R2","Promethion",22825,"M","3.38",8.73,"v6","monitor",1,1,0,"N",NA,"Promethion_vs_NoPromethion",0,52.07
"R2_22825_20210504","R2","Promethion",22825,"M","3.33",11.78,"v7","monitor",2,1,2,"N",NA,"Promethion_vs_NoPromethion",0,52.07
"R2_22825_20210504","R2","Promethion",22825,"M","3.3",15.93,"v8","monitor",1,1,1,"N",NA,"Promethion_vs_NoPromethion",0,52.07
"R2_22825_20210504","R2","Promethion",22825,"M","3.24",19.93,"v9","monitor",2,2,1,"N",NA,"Promethion_vs_NoPromethion",0,52.07
"R2_22825_20210504","R2","Promethion",22825,"M","3.18",24.12,"v10","monitor",3,3,3,"N",NA,"Promethion_vs_NoPromethion",0,52.07
"R2_22825_20210504","R2","Promethion",22825,"M","3.14",26.87,"v11","monitor",3,3,3,"N",NA,"Promethion_vs_NoPromethion",0,52.07
"R2_22825_20210504","R2","Promethion",22825,"M","3.13",29.92,"v12","monitor",4,3,4,"N",NA,"Promethion_vs_NoPromethion",0,52.07
"R2_22825_20210504","R2","Promethion",22825,"M","3.08",32.88,"v13","monitor",3,3,3,"N",NA,"Promethion_vs_NoPromethion",0,52.07
"R2_22825_20210504","R2","Promethion",22825,"M","3.35",39.97,"v14","monitor",4,4,4,"N",NA,"Promethion_vs_NoPromethion",0,52.07
"R2_22825_20210504","R2","Promethion",22825,"M","3.5",47.97,"v15","monitor",4,3,4,"N",NA,"Promethion_vs_NoPromethion",0,52.07
"R2_22825_20210504","R2","Promethion",22825,"M","3.56",51,"v16","monitor",4,3,4,"N",NA,"Promethion_vs_NoPromethion",0,52.07
"R3_22821_20210504","R3","No promethion",22821,"M","3.1",-1.6,"v1","monitor",3,2,3,"N",NA,"Promethion_vs_NoPromethion",1,40.08
"R3_22821_20210504","R3","No promethion",22821,"M","3.1",0,"v2","challenge",3,2,3,"N",NA,"Promethion_vs_NoPromethion",1,40.08
"R3_22821_20210504","R3","No promethion",22821,"M","3.09",10.53,"v3","monitor",1,1,1,"N",NA,"Promethion_vs_NoPromethion",1,40.08
"R3_22821_20210504","R3","No promethion",22821,"M","3.09",16.25,"v4","monitor",1,0,1,"N",NA,"Promethion_vs_NoPromethion",1,40.08
"R3_22821_20210504","R3","No promethion",22821,"M","3.06",19.53,"v5","monitor",2,2,1,"N",NA,"Promethion_vs_NoPromethion",1,40.08
"R3_22821_20210504","R3","No promethion",22821,"M","2.98",23.77,"v6","monitor",3,3,2,"N",NA,"Promethion_vs_NoPromethion",1,40.08
"R3_22821_20210504","R3","No promethion",22821,"M","2.94",26.42,"v7","monitor",2,2,2,"N",NA,"Promethion_vs_NoPromethion",1,40.08
"R3_22821_20210504","R3","No promethion",22821,"M","2.9",29.48,"v8","monitor",2,2,2,"N",NA,"Promethion_vs_NoPromethion",1,40.08
"R3_22821_20210504","R3","No promethion",22821,"M","2.85",32.48,"v9","monitor",2,2,2,"N",NA,"Promethion_vs_NoPromethion",1,40.08
"R3_22821_20210504","R3","No promethion",22821,"M","2.76",39.58,"v10","monitor",1,1,1,"N",NA,"Promethion_vs_NoPromethion",1,40.08
"R3_22821_20210504","R3","No promethion",22821,"M",NA,47.68,"v11","monitor",NA,NA,NA,"N",NA,"Promethion_vs_NoPromethion",1,40.08
"R3_22821_20210504","R3","No promethion",22821,"M",NA,50.45,"v12","monitor",NA,NA,NA,"N",NA,"Promethion_vs_NoPromethion",1,40.08
"R3_22821_20210504","R3","No promethion",22821,"M",NA,NA,"v13","monitor",NA,NA,NA,"N",NA,"Promethion_vs_NoPromethion",1,40.08
"R3_22821_20210504","R3","No promethion",22821,"M",NA,NA,"v14","monitor",NA,NA,NA,"N",NA,"Promethion_vs_NoPromethion",1,40.08
"R3_22821_20210504","R3","No promethion",22821,"M",NA,NA,"v15","monitor",NA,NA,NA,"N",NA,"Promethion_vs_NoPromethion",1,40.08
"R3_22821_20210504","R3","No promethion",22821,"M",NA,NA,"v16","monitor",NA,NA,NA,"N",NA,"Promethion_vs_NoPromethion",1,40.08
"R3_22823_20210504","R3","Promethion",22823,"M","4.02",-1.4,"v1","monitor",4,4,4,"N",NA,"Promethion_vs_NoPromethion",0,51.58
"R3_22823_20210504","R3","Promethion",22823,"M","4.02",0,"v2","challenge",4,4,4,"N",NA,"Promethion_vs_NoPromethion",0,51.58
"R3_22823_20210504","R3","Promethion",22823,"M","4.12",0.98,"v3","monitor",4,3,4,"N",NA,"Promethion_vs_NoPromethion",0,51.58
"R3_22823_20210504","R3","Promethion",22823,"M","4.11",2.2,"v4","monitor",4,3,4,"N",NA,"Promethion_vs_NoPromethion",0,51.58
"R3_22823_20210504","R3","Promethion",22823,"M","4.2",4.23,"v5","monitor",3,3,3,"N",NA,"Promethion_vs_NoPromethion",0,51.58
"R3_22823_20210504","R3","Promethion",22823,"M","4.09",8.63,"v6","monitor",4,3,4,"N",NA,"Promethion_vs_NoPromethion",0,51.58
"R3_22823_20210504","R3","Promethion",22823,"M","4.29",11.68,"v7","monitor",4,4,3,"N",NA,"Promethion_vs_NoPromethion",0,51.58
"R3_22823_20210504","R3","Promethion",22823,"M","4.27",15.92,"v8","monitor",4,4,3,"N",NA,"Promethion_vs_NoPromethion",0,51.58
"R3_22823_20210504","R3","Promethion",22823,"M","4.76",19.6,"v9","monitor",4,4,4,"N",NA,"Promethion_vs_NoPromethion",0,51.58
"R3_22823_20210504","R3","Promethion",22823,"M","4.32",24,"v10","monitor",4,3,5,"N",NA,"Promethion_vs_NoPromethion",0,51.58
"R3_22823_20210504","R3","Promethion",22823,"M","4.39",26.7,"v11","monitor",5,4,5,"N",NA,"Promethion_vs_NoPromethion",0,51.58
"R3_22823_20210504","R3","Promethion",22823,"M","4.49",29.77,"v12","monitor",4,4,4,"N",NA,"Promethion_vs_NoPromethion",0,51.58
"R3_22823_20210504","R3","Promethion",22823,"M","4.53",32.75,"v13","monitor",4,4,4,"N",NA,"Promethion_vs_NoPromethion",0,51.58
"R3_22823_20210504","R3","Promethion",22823,"M","4.65",39.87,"v14","monitor",5,5,5,"N",NA,"Promethion_vs_NoPromethion",0,51.58
"R3_22823_20210504","R3","Promethion",22823,"M","5.25",47.88,"v15","monitor",4,4,4,"N",NA,"Promethion_vs_NoPromethion",0,51.58
"R3_22823_20210504","R3","Promethion",22823,"M","5.31",50.8,"v16","monitor",4,3,4,"N",NA,"Promethion_vs_NoPromethion",0,51.58
"R3_22824_20210504","R3","No promethion",22824,"F","3.35",-1.62,"v1","monitor",3,3,3,"N",NA,"Promethion_vs_NoPromethion",0,50.78
"R3_22824_20210504","R3","No promethion",22824,"F","3.35",0,"v2","challenge",3,3,3,"N",NA,"Promethion_vs_NoPromethion",0,50.78
"R3_22824_20210504","R3","No promethion",22824,"F","3.35",10.47,"v3","monitor",2,1,2,"N",NA,"Promethion_vs_NoPromethion",0,50.78
"R3_22824_20210504","R3","No promethion",22824,"F","3.3",16.28,"v4","monitor",1,1,1,"N",NA,"Promethion_vs_NoPromethion",0,50.78
"R3_22824_20210504","R3","No promethion",22824,"F","3.27",19.53,"v5","monitor",2,2,2,"N",NA,"Promethion_vs_NoPromethion",0,50.78
"R3_22824_20210504","R3","No promethion",22824,"F","3.23",23.85,"v6","monitor",3,2,3,"N",NA,"Promethion_vs_NoPromethion",0,50.78
"R3_22824_20210504","R3","No promethion",22824,"F","3.09",26.32,"v7","monitor",2,2,2,"N",NA,"Promethion_vs_NoPromethion",0,50.78
"R3_22824_20210504","R3","No promethion",22824,"F","3.05",29.4,"v8","monitor",3,2,4,"N",NA,"Promethion_vs_NoPromethion",0,50.78
"R3_22824_20210504","R3","No promethion",22824,"F","3",32.38,"v9","monitor",3,3,2,"N",NA,"Promethion_vs_NoPromethion",0,50.78
"R3_22824_20210504","R3","No promethion",22824,"F","2.89",NA,"v10","monitor",4,4,3,"N",NA,"Promethion_vs_NoPromethion",0,50.78
"R3_22824_20210504","R3","No promethion",22824,"F","2.88",47.53,"v11","monitor",4,3,4,"N",NA,"Promethion_vs_NoPromethion",0,50.78
"R3_22824_20210504","R3","No promethion",22824,"F","2.92",50.28,"v12","monitor",4,4,3,"N",NA,"Promethion_vs_NoPromethion",0,50.78
"R3_22824_20210504","R3","No promethion",22824,"F",NA,NA,"v13","monitor",NA,NA,NA,"N",NA,"Promethion_vs_NoPromethion",0,50.78
"R3_22824_20210504","R3","No promethion",22824,"F",NA,NA,"v14","monitor",NA,NA,NA,"N",NA,"Promethion_vs_NoPromethion",0,50.78
"R3_22824_20210504","R3","No promethion",22824,"F",NA,NA,"v15","monitor",NA,NA,NA,"N",NA,"Promethion_vs_NoPromethion",0,50.78
"R3_22824_20210504","R3","No promethion",22824,"F",NA,NA,"v16","monitor",NA,NA,NA,"N",NA,"Promethion_vs_NoPromethion",0,50.78
"R3_22825_20210504","R3","Promethion",22825,"F","3.11",-0.45,"v1","monitor",3,2,3,"N",NA,"Promethion_vs_NoPromethion",0,52.07
"R3_22825_20210504","R3","Promethion",22825,"F","3.11",0,"v2","challenge",3,2,3,"N",NA,"Promethion_vs_NoPromethion",0,52.07
"R3_22825_20210504","R3","Promethion",22825,"F","3.13",1.22,"v3","monitor",3,3,2,"N",NA,"Promethion_vs_NoPromethion",0,52.07
"R3_22825_20210504","R3","Promethion",22825,"F","3.14",2.35,"v4","monitor",2,2,2,"N",NA,"Promethion_vs_NoPromethion",0,52.07
"R3_22825_20210504","R3","Promethion",22825,"F","3.13",4.35,"v5","monitor",3,2,3,"N",NA,"Promethion_vs_NoPromethion",0,52.07
"R3_22825_20210504","R3","Promethion",22825,"F","3.1",8.73,"v6","monitor",0,0,0,"N",NA,"Promethion_vs_NoPromethion",0,52.07
"R3_22825_20210504","R3","Promethion",22825,"F","3.04",11.78,"v7","monitor",1,1,1,"N",NA,"Promethion_vs_NoPromethion",0,52.07
"R3_22825_20210504","R3","Promethion",22825,"F","3.01",15.93,"v8","monitor",1,1,0,"N",NA,"Promethion_vs_NoPromethion",0,52.07
"R3_22825_20210504","R3","Promethion",22825,"F","2.95",19.93,"v9","monitor",2,2,2,"N",NA,"Promethion_vs_NoPromethion",0,52.07
"R3_22825_20210504","R3","Promethion",22825,"F","2.88",24.12,"v10","monitor",3,3,2,"N",NA,"Promethion_vs_NoPromethion",0,52.07
"R3_22825_20210504","R3","Promethion",22825,"F","2.82",26.87,"v11","monitor",2,2,2,"N",NA,"Promethion_vs_NoPromethion",0,52.07
"R3_22825_20210504","R3","Promethion",22825,"F","2.81",29.92,"v12","monitor",3,3,3,"N",NA,"Promethion_vs_NoPromethion",0,52.07
"R3_22825_20210504","R3","Promethion",22825,"F","2.74",32.88,"v13","monitor",4,3,4,"N",NA,"Promethion_vs_NoPromethion",0,52.07
"R3_22825_20210504","R3","Promethion",22825,"F","2.78",39.97,"v14","monitor",4,4,4,"N",NA,"Promethion_vs_NoPromethion",0,52.07
"R3_22825_20210504","R3","Promethion",22825,"F","2.95",47.97,"v15","monitor",4,4,4,"N",NA,"Promethion_vs_NoPromethion",0,52.07
"R3_22825_20210504","R3","Promethion",22825,"F","3.04",51,"v16","monitor",4,3,4,"N",NA,"Promethion_vs_NoPromethion",0,52.07
"R4_22821_20210504","R4","No promethion",22821,"F","3.11",-1.6,"v1","monitor",3,3,3,"N",NA,"Promethion_vs_NoPromethion",1,40.08
"R4_22821_20210504","R4","No promethion",22821,"F","3.11",0,"v2","challenge",3,3,3,"N",NA,"Promethion_vs_NoPromethion",1,40.08
"R4_22821_20210504","R4","No promethion",22821,"F","3",10.53,"v3","monitor",2,1,2,"N",NA,"Promethion_vs_NoPromethion",1,40.08
"R4_22821_20210504","R4","No promethion",22821,"F","2.99",16.25,"v4","monitor",2,2,2,"N",NA,"Promethion_vs_NoPromethion",1,40.08
"R4_22821_20210504","R4","No promethion",22821,"F","2.91",19.53,"v5","monitor",3,3,2,"N",NA,"Promethion_vs_NoPromethion",1,40.08
"R4_22821_20210504","R4","No promethion",22821,"F","2.89",23.77,"v6","monitor",3,2,3,"N",NA,"Promethion_vs_NoPromethion",1,40.08
"R4_22821_20210504","R4","No promethion",22821,"F","2.88",26.42,"v7","monitor",4,4,3,"N",NA,"Promethion_vs_NoPromethion",1,40.08
"R4_22821_20210504","R4","No promethion",22821,"F","2.87",29.48,"v8","monitor",3,3,2,"N",NA,"Promethion_vs_NoPromethion",1,40.08
"R4_22821_20210504","R4","No promethion",22821,"F","2.73",32.48,"v9","monitor",3,3,3,"N",NA,"Promethion_vs_NoPromethion",1,40.08
"R4_22821_20210504","R4","No promethion",22821,"F","2.77",39.58,"v10","monitor",1,1,1,"N",NA,"Promethion_vs_NoPromethion",1,40.08
"R4_22821_20210504","R4","No promethion",22821,"F",NA,47.68,"v11","monitor",NA,NA,NA,"N",NA,"Promethion_vs_NoPromethion",1,40.08
"R4_22821_20210504","R4","No promethion",22821,"F",NA,50.45,"v12","monitor",NA,NA,NA,"N",NA,"Promethion_vs_NoPromethion",1,40.08
"R4_22821_20210504","R4","No promethion",22821,"F",NA,NA,"v13","monitor",NA,NA,NA,"N",NA,"Promethion_vs_NoPromethion",1,40.08
"R4_22821_20210504","R4","No promethion",22821,"F",NA,NA,"v14","monitor",NA,NA,NA,"N",NA,"Promethion_vs_NoPromethion",1,40.08
"R4_22821_20210504","R4","No promethion",22821,"F",NA,NA,"v15","monitor",NA,NA,NA,"N",NA,"Promethion_vs_NoPromethion",1,40.08
"R4_22821_20210504","R4","No promethion",22821,"F",NA,NA,"v16","monitor",NA,NA,NA,"N",NA,"Promethion_vs_NoPromethion",1,40.08
"R4_22824_20210504","R4","No promethion",22824,"M","3.38",-1.62,"v1","monitor",4,4,4,"N",NA,"Promethion_vs_NoPromethion",1,29.83
"R4_22824_20210504","R4","No promethion",22824,"M","3.38",0,"v2","challenge",4,4,4,"N",NA,"Promethion_vs_NoPromethion",1,29.83
"R4_22824_20210504","R4","No promethion",22824,"M","3.37",10.47,"v3","monitor",3,3,2,"N",NA,"Promethion_vs_NoPromethion",1,29.83
"R4_22824_20210504","R4","No promethion",22824,"M","3.27",16.28,"v4","monitor",2,2,2,"N",NA,"Promethion_vs_NoPromethion",1,29.83
"R4_22824_20210504","R4","No promethion",22824,"M","3.25",19.53,"v5","monitor",3,3,2,"N",NA,"Promethion_vs_NoPromethion",1,29.83
"R4_22824_20210504","R4","No promethion",22824,"M","3.29",23.85,"v6","monitor",3,3,2,"N",NA,"Promethion_vs_NoPromethion",1,29.83
"R4_22824_20210504","R4","No promethion",22824,"M","3.17",26.32,"v7","monitor",2,2,2,"N",NA,"Promethion_vs_NoPromethion",1,29.83
"R4_22824_20210504","R4","No promethion",22824,"M","3.15",29.4,"v8","monitor",1,1,1,"N",NA,"Promethion_vs_NoPromethion",1,29.83
"R4_22824_20210504","R4","No promethion",22824,"M",NA,32.38,"v9","monitor",NA,NA,NA,"N",NA,"Promethion_vs_NoPromethion",1,29.83
"R4_22824_20210504","R4","No promethion",22824,"M",NA,NA,"v10","monitor",NA,NA,NA,"N",NA,"Promethion_vs_NoPromethion",1,29.83
"R4_22824_20210504","R4","No promethion",22824,"M",NA,47.53,"v11","monitor",NA,NA,NA,"N",NA,"Promethion_vs_NoPromethion",1,29.83
"R4_22824_20210504","R4","No promethion",22824,"M",NA,50.28,"v12","monitor",NA,NA,NA,"N",NA,"Promethion_vs_NoPromethion",1,29.83
"R4_22824_20210504","R4","No promethion",22824,"M",NA,NA,"v13","monitor",NA,NA,NA,"N",NA,"Promethion_vs_NoPromethion",1,29.83
"R4_22824_20210504","R4","No promethion",22824,"M",NA,NA,"v14","monitor",NA,NA,NA,"N",NA,"Promethion_vs_NoPromethion",1,29.83
"R4_22824_20210504","R4","No promethion",22824,"M",NA,NA,"v15","monitor",NA,NA,NA,"N",NA,"Promethion_vs_NoPromethion",1,29.83
"R4_22824_20210504","R4","No promethion",22824,"M",NA,NA,"v16","monitor",NA,NA,NA,"N",NA,"Promethion_vs_NoPromethion",1,29.83
"R4_22825_20210504","R4","Promethion",22825,"F","2.84",-0.45,"v1","monitor",2,2,2,"N",NA,"Promethion_vs_NoPromethion",1,17.6
"R4_22825_20210504","R4","Promethion",22825,"F","2.84",0,"v2","challenge",2,2,2,"N",NA,"Promethion_vs_NoPromethion",1,17.6
"R4_22825_20210504","R4","Promethion",22825,"F","2.9",1.22,"v3","monitor",2,2,1,"N",NA,"Promethion_vs_NoPromethion",1,17.6
"R4_22825_20210504","R4","Promethion",22825,"F","2.91",2.35,"v4","monitor",2,2,2,"N",NA,"Promethion_vs_NoPromethion",1,17.6
"R4_22825_20210504","R4","Promethion",22825,"F","2.9",4.35,"v5","monitor",2,2,2,"N",NA,"Promethion_vs_NoPromethion",1,17.6
"R4_22825_20210504","R4","Promethion",22825,"F","2.89",8.73,"v6","monitor",1,1,1,"N",NA,"Promethion_vs_NoPromethion",1,17.6
"R4_22825_20210504","R4","Promethion",22825,"F","2.85",11.78,"v7","monitor",0,0,0,"N",NA,"Promethion_vs_NoPromethion",1,17.6
"R4_22825_20210504","R4","Promethion",22825,"F","2.85",15.93,"v8","monitor",0,0,0,"N",NA,"Promethion_vs_NoPromethion",1,17.6
"R4_22825_20210504","R4","Promethion",22825,"F",NA,19.93,"v9","monitor",NA,NA,NA,"N",NA,"Promethion_vs_NoPromethion",1,17.6
"R4_22825_20210504","R4","Promethion",22825,"F",NA,24.12,"v10","monitor",NA,NA,NA,"N",NA,"Promethion_vs_NoPromethion",1,17.6
"R4_22825_20210504","R4","Promethion",22825,"F",NA,26.87,"v11","monitor",NA,NA,NA,"N",NA,"Promethion_vs_NoPromethion",1,17.6
"R4_22825_20210504","R4","Promethion",22825,"F",NA,29.92,"v12","monitor",NA,NA,NA,"N",NA,"Promethion_vs_NoPromethion",1,17.6
"R4_22825_20210504","R4","Promethion",22825,"F",NA,32.88,"v13","monitor",NA,NA,NA,"N",NA,"Promethion_vs_NoPromethion",1,17.6
"R4_22825_20210504","R4","Promethion",22825,"F",NA,39.97,"v14","monitor",NA,NA,NA,"N",NA,"Promethion_vs_NoPromethion",1,17.6
"R4_22825_20210504","R4","Promethion",22825,"F",NA,47.97,"v15","monitor",NA,NA,NA,"N",NA,"Promethion_vs_NoPromethion",1,17.6
"R4_22825_20210504","R4","Promethion",22825,"F",NA,51,"v16","monitor",NA,NA,NA,"N",NA,"Promethion_vs_NoPromethion",1,17.6
